{
  "scale": 1.029123947579712,
  "strokeWidth": 4.5,
  "loopRadius": 25.481809183691944,
  "loopWidth": 19.137958946073343,
  "curvature": 0.5641700832444889,
  "crossingGap": 5.153249192812565,
  "centerOffset": 10.055510680083483,
  "weaveTightness": 0.4791928302203468,
  "rotation": 0,
  "centerX": 50.45228773019942,
  "centerY": 49.119869717464844
}